name,pid,,,osFreeMem,,,osTotalMem,,,la/1min,,,la/5min,,,la/15min,,,heapTotal,,,heapUsed,,,responseTime,,,statusCode,,
,0 ~3(sec),3 ~6(sec),6 ~9(sec),0 ~3(sec),3 ~6(sec),6 ~9(sec),0 ~3(sec),3 ~6(sec),6 ~9(sec),0 ~3(sec),3 ~6(sec),6 ~9(sec),0 ~3(sec),3 ~6(sec),6 ~9(sec),0 ~3(sec),3 ~6(sec),6 ~9(sec),0 ~3(sec),3 ~6(sec),6 ~9(sec),0 ~3(sec),3 ~6(sec),6 ~9(sec),0 ~3(sec),3 ~6(sec),6 ~9(sec),0 ~3(sec),3 ~6(sec),6 ~9(sec)
Warm-up-5-5,6849,6849,,163437680,163904761,,8589934592,8589934592,,2.52978515625,2.4979248046875,,2.4404296875,2.4349365234375,,2.138671875,2.137939453125,,18862880,18862880,,10953978.5703125,11405586.84765625,,2047704.978515625,2196625.08984375,,200,200,
hoge-3-30,6849,6849,,160040088.70142224,159580308,,8589934592,8589934592,,2.4873046875,2.4873046875,,2.43310546875,2.43310546875,,2.1376953125,2.1376953125,,13736480.000298396,13736480,,11704853.233031778,12062390.72265625,,1589927.2882609833,2539077.5717773438,,200,200,
Warm-up-30-5,6849,6849,6849,368549750,365835759.5,367384165.5,8589934592,8589934592,8589934592,2.5595703125,2.51605224609375,2.5146484375,2.50244140625,2.493927001953125,2.49365234375,2.25732421875,2.25543212890625,2.25537109375,13719840,13719840,13719840,11604200.8671875,11855006.747070312,11910355.404785156,3645567.224609375,1898673.0408325195,1764671.7922973633,200,200,200
