name,pid,,,,,,osFreeMem,,,,,,osTotalMem,,,,,,la/1min,,,,,,la/5min,,,,,,la/15min,,,,,,heapTotal,,,,,,heapUsed,,,,,,responseTime,,,,,,statusCode,,,,,
,0 ~5(sec),5 ~10(sec),10 ~15(sec),15 ~20(sec),20 ~25(sec),25 ~30(sec),0 ~5(sec),5 ~10(sec),10 ~15(sec),15 ~20(sec),20 ~25(sec),25 ~30(sec),0 ~5(sec),5 ~10(sec),10 ~15(sec),15 ~20(sec),20 ~25(sec),25 ~30(sec),0 ~5(sec),5 ~10(sec),10 ~15(sec),15 ~20(sec),20 ~25(sec),25 ~30(sec),0 ~5(sec),5 ~10(sec),10 ~15(sec),15 ~20(sec),20 ~25(sec),25 ~30(sec),0 ~5(sec),5 ~10(sec),10 ~15(sec),15 ~20(sec),20 ~25(sec),25 ~30(sec),0 ~5(sec),5 ~10(sec),10 ~15(sec),15 ~20(sec),20 ~25(sec),25 ~30(sec),0 ~5(sec),5 ~10(sec),10 ~15(sec),15 ~20(sec),20 ~25(sec),25 ~30(sec),0 ~5(sec),5 ~10(sec),10 ~15(sec),15 ~20(sec),20 ~25(sec),25 ~30(sec),0 ~5(sec),5 ~10(sec),10 ~15(sec),15 ~20(sec),20 ~25(sec),25 ~30(sec)
Warm-up-5-5,6849,6849,,,,,164144591.109375,163948544,,,,,8589934592,8589934592,,,,,2.52978515625,2.4979248046875,,,,,2.4404296875,2.4349365234375,,,,,2.138671875,2.137939453125,,,,,18862880,18862880,,,,,11291949.66657257,11414518,,,,,1892552.7939243317,2160814.5,,,,,200,200,,,,
hoge-3-30,6849,,,,,,159580154.28728062,,,,,,8589934592,,,,,,2.4873046875,,,,,,2.43310546875,,,,,,2.1376953125,,,,,,13736480.000000073,,,,,,12062376.40166822,,,,,,2539078.6216524076,,,,,,200,,,,,
Warm-up-30-5,6849,6849,6849,6849,6849,6849,365830351.8652344,366508595.75634766,371713236.6125488,374686099.61376953,372118281.6044922,367555724.54711914,8589934592,8589934592,8589934592,8589934592,8589934592,8589934592,2.5595703125,2.5146484375,2.63330078125,2.5024414140498266,2.461914064915618,2.424804689711891,2.50244140625,2.49365234375,2.5185546875,2.493164064013399,2.484863281744765,2.476562500494765,2.25732421875,2.25537109375,2.26513671875,2.2573242192156613,2.2553710938664153,2.2534179688664153,13719840,13719840,13719840,13719840,13719840,13719840,12082884.711784363,12052977.182988167,11978133.139090061,11933330.093442917,12633953.798110962,12547194.53506422,1799288.3625240326,1910472.4870378375,2241493.994028747,1948880.3231458068,1987642.625936985,1828836.4616469145,200,200,200,200,200,200
