pid,relativeTime,rss,heapUsed,heapTotal,osFreeMem,osTotalMem,la/1min,la/5min,la/15min
21473,619,36286464,15344976,19882784,96104448,8589934592,2.13671875,2.400390625,2.2314453125
21473,805,36315136,15370928,19882784,93024256,8589934592,2.13671875,2.400390625,2.2314453125
21473,1000,36339712,15395336,19882784,92164096,8589934592,2.13671875,2.400390625,2.2314453125
21473,1200,36360192,15419784,19882784,88633344,8589934592,2.13671875,2.400390625,2.2314453125
21473,1400,36384768,15444232,19882784,87683072,8589934592,2.04541015625,2.376953125,2.22412109375
21473,1600,36409344,15468768,19882784,88662016,8589934592,2.04541015625,2.376953125,2.22412109375
21473,1799,36433920,15494344,19882784,87781376,8589934592,2.04541015625,2.376953125,2.22412109375
21473,2001,36462592,15518760,19882784,91566080,8589934592,2.04541015625,2.376953125,2.22412109375
