pid,relativeTime,rss,heapUsed,heapTotal,osFreeMem,osTotalMem,la/1min,la/5min,la/15min
21473,741,34697216,14111440,17830944,134557696,8589934592,2.10205078125,2.529296875,2.24853515625
21473,926,34725888,14137216,17830944,129683456,8589934592,2.10205078125,2.529296875,2.24853515625
21473,1122,34750464,14161736,17830944,109563904,8589934592,2.10205078125,2.529296875,2.24853515625
21473,1321,34775040,14186296,17830944,106450944,8589934592,2.10205078125,2.529296875,2.24853515625
21473,1521,34799616,14210816,17830944,104669184,8589934592,2.10205078125,2.529296875,2.24853515625
21473,1721,34824192,14236760,17830944,104882176,8589934592,2.10205078125,2.529296875,2.24853515625
21473,1921,34848768,14261280,17830944,105062400,8589934592,2.10205078125,2.529296875,2.24853515625
21473,2121,34873344,14285840,17830944,104693760,8589934592,2.10205078125,2.529296875,2.24853515625
21473,2322,34897920,14310400,17830944,110936064,8589934592,2.10205078125,2.529296875,2.24853515625
21473,2522,34922496,14334960,17830944,111177728,8589934592,2.10205078125,2.529296875,2.24853515625
21473,2722,34947072,14360616,17830944,112336896,8589934592,2.10205078125,2.529296875,2.24853515625
21473,2921,34975744,14385176,17830944,112508928,8589934592,2.10205078125,2.529296875,2.24853515625
21473,3121,35000320,14409736,17830944,112734208,8589934592,2.10205078125,2.529296875,2.24853515625
21473,3321,35020800,14434256,17830944,112996352,8589934592,2.10205078125,2.529296875,2.24853515625
21473,3521,35045376,14458776,17830944,112144384,8589934592,2.10205078125,2.529296875,2.24853515625
