pid,time,rss,heapUsed,heapTotal,osFreeMem,osTotalMem,la/1min,la/5min,la/15min
15467,626,35962880,12401216,16799008,245530624,8589934592,1.97021484375,1.82861328125,1.853515625
15467,809,35962880,12425512,16799008,240726016,8589934592,1.97021484375,1.82861328125,1.853515625
15467,1006,35962880,12448744,16799008,239382528,8589934592,1.97021484375,1.82861328125,1.853515625
15467,1206,35962880,12471976,16799008,236552192,8589934592,1.97216796875,1.8310546875,1.85400390625
15467,1406,35962880,12496272,16799008,232792064,8589934592,1.97216796875,1.8310546875,1.85400390625
15467,1605,35962880,12519504,16799008,233033728,8589934592,1.97216796875,1.8310546875,1.85400390625
15467,1806,35966976,12542736,16799008,243265536,8589934592,1.97216796875,1.8310546875,1.85400390625
15467,2006,35966976,12565928,16799008,243572736,8589934592,1.97216796875,1.8310546875,1.85400390625
15467,2207,35966976,12589088,16799008,241303552,8589934592,1.97216796875,1.8310546875,1.85400390625
15467,2407,35966976,12613232,16799008,213151744,8589934592,1.97216796875,1.8310546875,1.85400390625
15467,2606,35966976,12636432,16799008,213712896,8589934592,1.97216796875,1.8310546875,1.85400390625
15467,2805,35966976,12659632,16799008,213958656,8589934592,1.97216796875,1.8310546875,1.85400390625
15467,3005,35966976,12682872,16799008,214155264,8589934592,1.97216796875,1.8310546875,1.85400390625
15467,3206,35966976,12706072,16799008,213598208,8589934592,1.97216796875,1.8310546875,1.85400390625
15467,3405,35966976,12730504,16799008,214732800,8589934592,1.97216796875,1.8310546875,1.85400390625
