pid,relativeTime,rss,heapUsed,heapTotal,osFreeMem,osTotalMem,la/1min,la/5min,la/15min
27070,842,29663232,10387496,18862880,472227840,8589934592,2.2021484375,2.06591796875,1.87060546875
27070,1022,29822976,10594912,18862880,469581824,8589934592,2.2021484375,2.06591796875,1.87060546875
27070,1218,29827072,10630392,18862880,468807680,8589934592,2.2021484375,2.06591796875,1.87060546875
27070,1418,29827072,10658792,18862880,463040512,8589934592,2.2021484375,2.06591796875,1.87060546875
27070,1618,29831168,10686816,18862880,461131776,8589934592,2.2021484375,2.06591796875,1.87060546875
27070,1818,29831168,10715792,18862880,461344768,8589934592,2.2021484375,2.06591796875,1.87060546875
27070,2017,29839360,10745288,18862880,464519168,8589934592,2.2021484375,2.06591796875,1.87060546875
27070,2218,29868032,10773208,18862880,464601088,8589934592,2.2021484375,2.06591796875,1.87060546875
27070,2419,29908992,10812696,18862880,467046400,8589934592,2.2021484375,2.06591796875,1.87060546875
27070,2619,29937664,10840576,18862880,466268160,8589934592,2.2021484375,2.06591796875,1.87060546875
27070,2818,29982720,10885528,18862880,466481152,8589934592,2.2021484375,2.06591796875,1.87060546875
27070,3018,30019584,10918504,18862880,466669568,8589934592,2.2021484375,2.06591796875,1.87060546875
27070,3218,30060544,10962376,18862880,466890752,8589934592,2.2021484375,2.06591796875,1.87060546875
27070,3418,30089216,10990504,18862880,467202048,8589934592,2.2021484375,2.06591796875,1.87060546875
27070,3617,30121984,11021240,18862880,465321984,8589934592,2.2021484375,2.06591796875,1.87060546875
