pid,time,rss,heapUsed,heapTotal,osFreeMem,osTotalMem,la/1min,la/5min,la/15min
15467,619,37392384,14603072,19894816,51855360,8589934592,2.61376953125,2.119140625,1.9619140625
15467,806,37412864,14626408,19894816,50089984,8589934592,2.61376953125,2.119140625,1.9619140625
15467,1001,37437440,14650776,19894816,46067712,8589934592,2.61376953125,2.119140625,1.9619140625
15467,1201,37462016,14674000,19894816,43118592,8589934592,2.61376953125,2.119140625,1.9619140625
15467,1401,37482496,14697184,19894816,42393600,8589934592,2.61376953125,2.119140625,1.9619140625
15467,1601,37507072,14720408,19894816,42606592,8589934592,2.61376953125,2.119140625,1.9619140625
15467,1801,37527552,14743592,19894816,40779776,8589934592,2.61376953125,2.119140625,1.9619140625
15467,2001,37552128,14767832,19894816,41025536,8589934592,2.61376953125,2.119140625,1.9619140625
15467,2202,37576704,14791056,19894816,42946560,8589934592,2.61376953125,2.119140625,1.9619140625
15467,2402,37601280,14814280,19894816,43151360,8589934592,2.61376953125,2.119140625,1.9619140625
15467,2602,37625856,14837504,19894816,48320512,8589934592,2.61376953125,2.119140625,1.9619140625
15467,2801,37646336,14860688,19894816,48783360,8589934592,2.61376953125,2.119140625,1.9619140625
15467,3001,37670912,14884816,19894816,49004544,8589934592,2.61376953125,2.119140625,1.9619140625
15467,3201,37695488,14908040,19894816,49209344,8589934592,2.61376953125,2.119140625,1.9619140625
15467,3401,37715968,14931224,19894816,48422912,8589934592,2.61376953125,2.119140625,1.9619140625
