pid,relativeTime,rss,heapUsed,heapTotal,osFreeMem,osTotalMem,la/1min,la/5min,la/15min
27503,625,28868608,14690936,16803616,613781504,8589934592,1.8994140625,1.99951171875,2.0703125
27503,809,28897280,14717328,16803616,610881536,8589934592,1.8994140625,1.99951171875,2.0703125
27503,1006,28921856,14742464,16803616,610029568,8589934592,1.8994140625,1.99951171875,2.0703125
27503,1209,28946432,14767600,16803616,605085696,8589934592,1.8994140625,1.99951171875,2.0703125
27503,1406,28971008,14792736,16803616,605368320,8589934592,1.8994140625,1.99951171875,2.0703125
27503,1606,28999680,14819256,16803616,604639232,8589934592,1.8994140625,1.99951171875,2.0703125
27503,1807,28184576,14002936,16803616,610881536,8589934592,1.8994140625,1.99951171875,2.0703125
27503,2006,28209152,14028072,16803616,612900864,8589934592,1.8994140625,1.99951171875,2.0703125
27503,2205,28233728,14053168,16803616,613154816,8589934592,1.8994140625,1.99951171875,2.0703125
27503,2409,28258304,14078344,16803616,616275968,8589934592,1.8994140625,1.99951171875,2.0703125
27503,2605,28282880,14104656,16803616,616521728,8589934592,1.8994140625,1.99951171875,2.0703125
27503,2805,28307456,14129832,16803616,616787968,8589934592,1.8994140625,1.99951171875,2.0703125
27503,3005,28332032,14154928,16803616,616980480,8589934592,1.8994140625,1.99951171875,2.0703125
27503,3206,28356608,14180064,16803616,615079936,8589934592,1.8994140625,1.99951171875,2.0703125
27503,3406,28381184,14205160,16803616,614543360,8589934592,1.9072265625,1.99951171875,2.06982421875
