pid,relativeTime,rss,heapUsed,heapTotal,osFreeMem,osTotalMem,la/1min,la/5min,la/15min
27503,617,32178176,13600360,20914720,105869312,8589934592,1.8203125,1.94970703125,1.99072265625
27503,800,32178176,13625568,20914720,103989248,8589934592,1.8203125,1.94970703125,1.99072265625
27503,996,32178176,13649536,20914720,102174720,8589934592,1.8203125,1.94970703125,1.99072265625
27503,1198,32178176,13673544,20914720,99000320,8589934592,1.8203125,1.94970703125,1.99072265625
27503,1395,32182272,13697544,20914720,97120256,8589934592,1.8203125,1.94970703125,1.99072265625
27503,1595,32182272,13722832,20914720,97611776,8589934592,1.8203125,1.94970703125,1.99072265625
27503,1795,32182272,13746720,20914720,96964608,8589934592,1.8203125,1.94970703125,1.99072265625
27503,1995,32182272,13770608,20914720,97206272,8589934592,1.8203125,1.94970703125,1.99072265625
27503,2196,32182272,13794568,20914720,97452032,8589934592,1.8203125,1.94970703125,1.99072265625
27503,2397,32182272,13818496,20914720,98320384,8589934592,1.8203125,1.94970703125,1.99072265625
27503,2595,32182272,13843544,20914720,97501184,8589934592,1.8203125,1.94970703125,1.99072265625
27503,2795,32182272,13867472,20914720,97746944,8589934592,1.8203125,1.94970703125,1.99072265625
27503,2995,32182272,13891400,20914720,97026048,8589934592,1.8203125,1.94970703125,1.99072265625
27503,3196,32182272,13915328,20914720,97214464,8589934592,1.75439453125,1.93359375,1.98486328125
27503,3395,32186368,13939344,20914720,93376512,8589934592,1.75439453125,1.93359375,1.98486328125
