pid,time,rss,heapUsed,heapTotal,osFreeMem,osTotalMem,la/1min,la/5min,la/15min
15467,663,39583744,16536288,19894816,206577664,8589934592,2.21337890625,2.0810546875,1.9560546875
15467,844,39587840,16560584,19894816,203792384,8589934592,2.21337890625,2.0810546875,1.9560546875
15467,1040,39587840,16583776,19894816,203911168,8589934592,2.21337890625,2.0810546875,1.9560546875
15467,1240,39587840,16606976,19894816,200105984,8589934592,2.21337890625,2.0810546875,1.9560546875
15467,1441,39587840,16630136,19894816,197799936,8589934592,2.21337890625,2.0810546875,1.9560546875
15467,1640,39587840,16654272,19894816,197038080,8589934592,2.21337890625,2.0810546875,1.9560546875
15467,1840,39587840,16677432,19894816,197279744,8589934592,2.21337890625,2.0810546875,1.9560546875
15467,2049,39587840,16700664,19894816,197836800,8589934592,2.21337890625,2.0810546875,1.9560546875
15467,2240,39587840,16723864,19894816,194359296,8589934592,2.21337890625,2.0810546875,1.9560546875
15467,2442,39587840,16747064,19894816,202903552,8589934592,2.21337890625,2.0810546875,1.9560546875
15467,2643,39686144,15945096,18879520,136073216,8589934592,2.21337890625,2.0810546875,1.9560546875
15467,2840,39686144,15968328,18879520,163598336,8589934592,2.21337890625,2.0810546875,1.9560546875
15467,3041,39686144,15991696,18879520,163823616,8589934592,2.21337890625,2.0810546875,1.9560546875
15467,3240,39686144,16014928,18879520,163303424,8589934592,2.21337890625,2.0810546875,1.9560546875
15467,3440,39690240,16038120,18879520,161558528,8589934592,2.21337890625,2.0810546875,1.9560546875
