pid,time,rss,heapUsed,heapTotal,osFreeMem,osTotalMem,la/1min,la/5min,la/15min
15467,620,42201088,18877856,25054496,164196352,8589934592,2.39208984375,2.16064453125,1.99609375
15467,806,42201088,18902144,25054496,161206272,8589934592,2.39208984375,2.16064453125,1.99609375
15467,1001,42201088,18925376,25054496,159301632,8589934592,2.39208984375,2.16064453125,1.99609375
15467,1203,42201088,18948648,25054496,158703616,8589934592,2.4404296875,2.17431640625,2.001953125
15467,1401,42201088,18971960,25054496,155897856,8589934592,2.4404296875,2.17431640625,2.001953125
15467,1602,42201088,18996344,25054496,156069888,8589934592,2.4404296875,2.17431640625,2.001953125
15467,1801,42205184,19019504,25054496,156299264,8589934592,2.4404296875,2.17431640625,2.001953125
15467,2002,42205184,19042736,25054496,156794880,8589934592,2.4404296875,2.17431640625,2.001953125
15467,2201,42205184,19065968,25054496,156950528,8589934592,2.4404296875,2.17431640625,2.001953125
15467,2403,42205184,19089200,25054496,158908416,8589934592,2.4404296875,2.17431640625,2.001953125
15467,2601,42205184,19113448,25054496,158031872,8589934592,2.4404296875,2.17431640625,2.001953125
15467,2801,42205184,19136680,25054496,157212672,8589934592,2.4404296875,2.17431640625,2.001953125
15467,3001,42205184,19159912,25054496,157425664,8589934592,2.4404296875,2.17431640625,2.001953125
15467,3202,42205184,19183144,25054496,156667904,8589934592,2.4404296875,2.17431640625,2.001953125
15467,3402,42205184,19206416,25054496,156913664,8589934592,2.4404296875,2.17431640625,2.001953125
