pid,time,rss,heapUsed,heapTotal,osFreeMem,osTotalMem,la/1min,la/5min,la/15min
15467,617,41705472,19136736,22990624,193490944,8589934592,2.22607421875,2.099609375,1.9677734375
15467,802,41725952,19160048,22990624,191520768,8589934592,2.22607421875,2.099609375,1.9677734375
15467,998,41750528,19183240,22990624,191025152,8589934592,2.22607421875,2.099609375,1.9677734375
15467,1198,41775104,19207376,22990624,187035648,8589934592,2.22607421875,2.099609375,1.9677734375
15467,1398,41795584,19230568,22990624,185217024,8589934592,2.22607421875,2.099609375,1.9677734375
15467,1598,40820736,17509848,19911456,185479168,8589934592,2.22607421875,2.099609375,1.9677734375
15467,1798,40820736,17533040,19911456,184684544,8589934592,2.22607421875,2.099609375,1.9677734375
15467,1998,40824832,17556200,19911456,185520128,8589934592,2.22607421875,2.099609375,1.9677734375
15467,2198,40824832,17580616,19911456,187465728,8589934592,2.22607421875,2.099609375,1.9677734375
15467,2398,40824832,17603816,19911456,188805120,8589934592,2.22607421875,2.099609375,1.9677734375
15467,2598,40824832,17627016,19911456,188043264,8589934592,2.22607421875,2.099609375,1.9677734375
15467,2797,40824832,17650248,19911456,188293120,8589934592,2.22607421875,2.099609375,1.9677734375
15467,2998,40824832,17673408,19911456,187531264,8589934592,2.22607421875,2.099609375,1.9677734375
15467,3198,40824832,17697552,19911456,187760640,8589934592,2.22607421875,2.099609375,1.9677734375
15467,3397,40824832,17720792,19911456,188121088,8589934592,2.22607421875,2.099609375,1.9677734375
