pid,time,rss,heapUsed,heapTotal,osFreeMem,osTotalMem,la/1min,la/5min,la/15min
15467,651,42950656,10387560,21975328,208015360,8589934592,2.20361328125,2.166015625,2.0078125
15467,837,42950656,10412088,21975328,207327232,8589934592,2.20361328125,2.166015625,2.0078125
15467,1032,42950656,10435280,21975328,204918784,8589934592,2.20361328125,2.166015625,2.0078125
15467,1232,42950656,10953872,21975328,200921088,8589934592,2.20361328125,2.166015625,2.0078125
15467,1432,42950656,10977104,21975328,200118272,8589934592,2.20361328125,2.166015625,2.0078125
15467,1632,42950656,11000328,21975328,200585216,8589934592,2.20361328125,2.166015625,2.0078125
15467,1832,42950656,11024496,21975328,200806400,8589934592,2.20361328125,2.166015625,2.0078125
15467,2033,42950656,11047720,21975328,201674752,8589934592,2.20361328125,2.166015625,2.0078125
15467,2232,42950656,11070912,21975328,201871360,8589934592,2.20361328125,2.166015625,2.0078125
15467,2433,42950656,11094104,21975328,202739712,8589934592,2.20361328125,2.166015625,2.0078125
15467,2633,42950656,11117296,21975328,201920512,8589934592,2.20361328125,2.166015625,2.0078125
15467,2832,42950656,11141464,21975328,202117120,8589934592,2.20361328125,2.166015625,2.0078125
15467,3032,42950656,11164688,21975328,202395648,8589934592,2.20361328125,2.166015625,2.0078125
15467,3232,42950656,11187880,21975328,202592256,8589934592,2.20361328125,2.166015625,2.0078125
15467,3432,42950656,11211112,21975328,202772480,8589934592,2.20361328125,2.166015625,2.0078125
