pid,time,rss,heapUsed,heapTotal,osFreeMem,osTotalMem,la/1min,la/5min,la/15min
15467,799,38326272,15150728,18862880,125837312,8589934592,2.3935546875,2.10693359375,1.9619140625
15467,981,38326272,15174984,18862880,125034496,8589934592,2.3935546875,2.10693359375,1.9619140625
15467,1176,38326272,15198144,18862880,123158528,8589934592,2.3935546875,2.10693359375,1.9619140625
15467,1376,38330368,15221344,18862880,118120448,8589934592,2.3935546875,2.10693359375,1.9619140625
15467,1576,38330368,15244576,18862880,116482048,8589934592,2.3935546875,2.10693359375,1.9619140625
15467,1776,38330368,15268744,18862880,116875264,8589934592,2.3935546875,2.10693359375,1.9619140625
15467,1976,38330368,15291976,18862880,117121024,8589934592,2.3935546875,2.10693359375,1.9619140625
15467,2176,38330368,15315168,18862880,117391360,8589934592,2.3935546875,2.10693359375,1.9619140625
15467,2377,38330368,15338400,18862880,118583296,8589934592,2.3935546875,2.10693359375,1.9619140625
15467,2577,38330368,15361560,18862880,117821440,8589934592,2.3935546875,2.10693359375,1.9619140625
15467,2776,38330368,15385664,18862880,118018048,8589934592,2.3935546875,2.10693359375,1.9619140625
15467,2977,38330368,15408824,18862880,116441088,8589934592,2.28173828125,2.08837890625,1.9560546875
15467,3176,38330368,15432144,18862880,120119296,8589934592,2.28173828125,2.08837890625,1.9560546875
15467,3376,38330368,15455304,18862880,117252096,8589934592,2.28173828125,2.08837890625,1.9560546875
15467,3575,38334464,15478496,18862880,116424704,8589934592,2.28173828125,2.08837890625,1.9560546875
