pid,time,rss,heapUsed,heapTotal,osFreeMem,osTotalMem,la/1min,la/5min,la/15min
6756,2561,29282304,9924928,18862880,269619200,8589934592,1.88916015625,1.91943359375,1.84130859375
6755,3096,29057024,9688808,17830944,268972032,8589934592,1.88916015625,1.91943359375,1.84130859375
