pid,relativeTime,rss,heapUsed,heapTotal,osFreeMem,osTotalMem,la/1min,la/5min,la/15min
21473,644,29519872,10370384,18862880,78987264,8589934592,6.216796875,3.05322265625,2.33984375
21473,826,29679616,10577816,18862880,79208448,8589934592,6.216796875,3.05322265625,2.33984375
21473,1022,29683712,10613280,18862880,77295616,8589934592,6.216796875,3.05322265625,2.33984375
21473,1221,29683712,10641664,18862880,84680704,8589934592,6.216796875,3.05322265625,2.33984375
21473,1421,29687808,10669704,18862880,82841600,8589934592,6.216796875,3.05322265625,2.33984375
21473,1622,29691904,10698704,18862880,85229568,8589934592,6.216796875,3.05322265625,2.33984375
21473,1822,29704192,10728256,18862880,81207296,8589934592,6.216796875,3.05322265625,2.33984375
21473,2022,29732864,10756200,18862880,81436672,8589934592,6.216796875,3.05322265625,2.33984375
21473,2225,29769728,10795608,18862880,124735488,8589934592,6.216796875,3.05322265625,2.33984375
21473,2422,29798400,10823520,18862880,125972480,8589934592,6.216796875,3.05322265625,2.33984375
21473,2624,29839360,10868416,18862880,126992384,8589934592,6.216796875,3.05322265625,2.33984375
21473,2822,29876224,10901448,18862880,127254528,8589934592,6.216796875,3.05322265625,2.33984375
21473,3022,29908992,10933728,18862880,125386752,8589934592,6.216796875,3.05322265625,2.33984375
21473,3222,29954048,10977272,18862880,125927424,8589934592,6.216796875,3.05322265625,2.33984375
21473,3436,29995008,11008032,18862880,126795776,8589934592,6.216796875,3.05322265625,2.33984375
