pid,relativeTime,rss,heapUsed,heapTotal,osFreeMem,osTotalMem,la/1min,la/5min,la/15min
27503,611,28737536,12492024,20914720,156274688,8589934592,1.56005859375,1.939453125,2.00537109375
27503,797,28762112,12517000,20914720,155488256,8589934592,1.56005859375,1.939453125,2.00537109375
27503,993,28786688,12541816,20914720,153620480,8589934592,1.56005859375,1.939453125,2.00537109375
27503,1194,28811264,12568096,20914720,150769664,8589934592,1.56005859375,1.939453125,2.00537109375
27503,1393,28835840,12592912,20914720,149032960,8589934592,1.56005859375,1.939453125,2.00537109375
27503,1593,28860416,12617768,20914720,148230144,8589934592,1.56005859375,1.939453125,2.00537109375
27503,1793,28884992,12642584,20914720,147410944,8589934592,1.56005859375,1.939453125,2.00537109375
27503,1993,28917760,12667440,20914720,147890176,8589934592,1.56005859375,1.939453125,2.00537109375
27503,2193,28946432,12693432,20914720,149786624,8589934592,1.56005859375,1.939453125,2.00537109375
27503,2393,28971008,12718248,20914720,150036480,8589934592,1.56005859375,1.939453125,2.00537109375
27503,2593,29106176,12751192,20914720,149204992,8589934592,1.56005859375,1.939453125,2.00537109375
27503,2792,29130752,12776008,20914720,149491712,8589934592,1.56005859375,1.939453125,2.00537109375
27503,2992,29155328,12800864,20914720,149680128,8589934592,1.56005859375,1.939453125,2.00537109375
27503,3193,29184000,12826816,20914720,149893120,8589934592,1.56005859375,1.939453125,2.00537109375
27503,3392,29208576,12851632,20914720,150114304,8589934592,1.56005859375,1.939453125,2.00537109375
