pid,relativeTime,rss,heapUsed,heapTotal,osFreeMem,osTotalMem,la/1min,la/5min,la/15min
27503,768,28057600,12023992,20914720,324067328,8589934592,1.86962890625,2.0791015625,2.05908203125
27503,953,28086272,12049032,20914720,322269184,8589934592,1.86962890625,2.0791015625,2.05908203125
27503,1149,28114944,12075096,20914720,322588672,8589934592,1.86962890625,2.0791015625,2.05908203125
27503,1349,28319744,12113896,20914720,318681088,8589934592,1.86962890625,2.0791015625,2.05908203125
27503,1549,28344320,12138760,20914720,319000576,8589934592,1.86962890625,2.0791015625,2.05908203125
27503,1749,28368896,12163616,20914720,318169088,8589934592,1.86962890625,2.0791015625,2.05908203125
27503,1949,28393472,12188432,20914720,318382080,8589934592,1.86962890625,2.0791015625,2.05908203125
27503,2149,28426240,12214720,20914720,318865408,8589934592,1.86962890625,2.0791015625,2.05908203125
27503,2350,28450816,12239576,20914720,321867776,8589934592,1.86962890625,2.0791015625,2.05908203125
27503,2550,28475392,12264392,20914720,322121728,8589934592,1.86962890625,2.0791015625,2.05908203125
27503,2749,28499968,12289248,20914720,321290240,8589934592,1.86962890625,2.0791015625,2.05908203125
27503,2949,28524544,12314104,20914720,320454656,8589934592,1.86962890625,2.0791015625,2.05908203125
27503,3149,28553216,12340144,20914720,321318912,8589934592,1.86962890625,2.0791015625,2.05908203125
27503,3349,28577792,12364960,20914720,321507328,8589934592,1.86962890625,2.0791015625,2.05908203125
27503,3549,28606464,12389816,20914720,342859776,8589934592,1.86962890625,2.0791015625,2.05908203125
