pid,relativeTime,rss,heapUsed,heapTotal,osFreeMem,osTotalMem,la/1min,la/5min,la/15min
27503,783,31559680,11914024,17818912,28110848,8589934592,2.12939453125,2.01611328125,2.0107421875
27503,972,31559680,11939472,17818912,26574848,8589934592,2.12939453125,2.01611328125,2.0107421875
27503,1164,31559680,11963408,17818912,25473024,8589934592,2.12939453125,2.01611328125,2.0107421875
27503,1364,31559680,11987304,17818912,23621632,8589934592,2.12939453125,2.01611328125,2.0107421875
27503,1564,31559680,12011232,17818912,25133056,8589934592,2.12939453125,2.01611328125,2.0107421875
27503,1764,31559680,12036320,17818912,26447872,8589934592,2.12939453125,2.01611328125,2.0107421875
27503,1964,31559680,12060248,17818912,26779648,8589934592,2.12939453125,2.01611328125,2.0107421875
27503,2165,31563776,11266424,16803616,26988544,8589934592,2.12939453125,2.01611328125,2.0107421875
27503,2364,31563776,11290352,16803616,27234304,8589934592,2.12939453125,2.01611328125,2.0107421875
27503,2566,31563776,11314248,16803616,28102656,8589934592,2.12939453125,2.01611328125,2.0107421875
27503,2764,31563776,11339264,16803616,27394048,8589934592,2.12939453125,2.01611328125,2.0107421875
27503,2965,31563776,11363200,16803616,27648000,8589934592,2.12939453125,2.01611328125,2.0107421875
27503,3164,31563776,11387096,16803616,27922432,8589934592,2.12939453125,2.01611328125,2.0107421875
27503,3365,31563776,11411024,16803616,28168192,8589934592,2.12939453125,2.01611328125,2.0107421875
27503,3564,31563776,11434920,16803616,26308608,8589934592,2.12939453125,2.01611328125,2.0107421875
