pid,relativeTime,rss,heapUsed,heapTotal,osFreeMem,osTotalMem,la/1min,la/5min,la/15min
27070,639,31490048,12193880,18862880,343003136,8589934592,3.0625,2.271484375,1.947265625
27070,821,31547392,12240280,18862880,342003712,8589934592,3.0625,2.271484375,1.947265625
27070,1017,31604736,12291784,18862880,339243008,8589934592,3.0625,2.271484375,1.947265625
27070,1217,31633408,12319256,18862880,335335424,8589934592,3.0625,2.271484375,1.947265625
27070,1417,31657984,12347864,18862880,333492224,8589934592,3.0625,2.271484375,1.947265625
27070,1617,31686656,12375336,18862880,333737984,8589934592,3.0625,2.271484375,1.947265625
27070,1817,31719424,12407776,18862880,334536704,8589934592,3.0625,2.271484375,1.947265625
27070,2017,31752192,12440344,18862880,334757888,8589934592,3.0625,2.271484375,1.947265625
27070,2217,31776768,12467816,18862880,335912960,8589934592,3.0625,2.271484375,1.947265625
27070,2418,31805440,12496672,18862880,335110144,8589934592,3.0625,2.271484375,1.947265625
27070,2618,31838208,12525816,18862880,335777792,8589934592,3.0625,2.271484375,1.947265625
27070,2817,31866880,12553288,18862880,335257600,8589934592,3.0625,2.271484375,1.947265625
27070,3017,31891456,12580760,18862880,334626816,8589934592,3.0625,2.271484375,1.947265625
27070,3217,31928320,12614640,18862880,334979072,8589934592,3.0625,2.271484375,1.947265625
27070,3417,31961088,12649104,18862880,337096704,8589934592,3.0625,2.271484375,1.947265625
