pid,relativeTime,rss,heapUsed,heapTotal,osFreeMem,osTotalMem,la/1min,la/5min,la/15min
27503,725,29614080,10370600,18862880,398544896,8589934592,2.64501953125,2.29248046875,1.9765625
27503,909,29790208,10581192,18862880,396754944,8589934592,2.64501953125,2.29248046875,1.9765625
27503,1105,29794304,10623360,18862880,393883648,8589934592,2.64501953125,2.29248046875,1.9765625
27503,1305,29798400,10652472,18862880,392699904,8589934592,2.64501953125,2.29248046875,1.9765625
27503,1504,29798400,10681240,18862880,391057408,8589934592,2.64501953125,2.29248046875,1.9765625
27503,1704,29798400,10709976,18862880,390246400,8589934592,2.64501953125,2.29248046875,1.9765625
27503,1905,29818880,10739592,18862880,391540736,8589934592,2.64501953125,2.29248046875,1.9765625
27503,2104,29847552,10769664,18862880,391856128,8589934592,2.64501953125,2.29248046875,1.9765625
27503,2305,29884416,10809592,18862880,392724480,8589934592,2.64501953125,2.29248046875,1.9765625
27503,2505,29929472,10853568,18862880,393011200,8589934592,2.64501953125,2.29248046875,1.9765625
27503,2705,29966336,10885408,18862880,392437760,8589934592,2.64501953125,2.29248046875,1.9765625
27503,2904,29995008,10917880,18862880,392675328,8589934592,2.64501953125,2.29248046875,1.9765625
27503,3104,30031872,10952072,18862880,393928704,8589934592,2.64501953125,2.29248046875,1.9765625
27503,3305,30081024,10993504,18862880,394141696,8589934592,2.64501953125,2.29248046875,1.9765625
27503,3504,30113792,11024984,18862880,392347648,8589934592,2.64501953125,2.29248046875,1.9765625
